ФКТ;Вечернее;ПОИТ;Программное обеспечение информационных технологий;;3-й курс;481061,481062,481063,481064;МиАПР##Зачет,ВТ (поит)##Экзамен,МО##Зачет,СПП#Курсовой проект#Экзамен,РПОМП##Экзамен,ОЗИ##Зачет,АКГ##Экзамен,ЦОС##Экзамен;ТВОП##Экзамен,САиММ##Экзамен,СТиАОС##Зачет,ПиРИС##Зачет,Техн. практика, рук-во##Экзамен,Отв. за техн. практику##,ОБиПвИТ##Экзамен,ПОЦП##Зачет,ПОВС##Экзамен;
ФКТ;Вечернее;ВМСиС;Вычислительные машины, системы и сети;;1-й курс;680561,680562;Математика##Экзамен,Экономика##Экзамен,История##Зачет,Философия##Экзамен,Ин.яз 2##Зачет,ОАиП (ПОИТ)##Экзамен,Политология##Зачет;Математика##Экзамен,МППиУ##Зачет,Логика##Зачет,Физика##Экзамен,Ин.яз 2##Экзамен,АиЛОВТ#Курсовая работа#Экзамен;
ФКТ;Вечернее;ИПОИТ;Инженерно-психологическое обеспечение информационных технологий;;1-й курс;680961;Математика##Экзамен,ОКП (ипиэ)#Курсовая работа#Зачет,ОАиП (ВМиП)##Экзамен,Экономика##Экзамен,История##Зачет,Ин.яз 1##Зачет,Философия##Экзамен,Политология##Зачет;Математика##Экзамен,МППиУ##Зачет,ОИАД##Экзамен,ПППД##Зачет,ИКГ##Зачет,Ин.яз 1##Экзамен,Бел.яз. (культура речи)##Зачет,Логика##Зачет,Физика##Экзамен;
ФКТ;Вечернее;ПОИТ;Программное обеспечение информационных технологий;;1-й курс;681061,681062,681063,681064;Математика##Экзамен,Экономика##Экзамен,История##Зачет,Философия##Экзамен,Ин.яз 2##Зачет,ОАиП (ПОИТ)#Курсовая работа#Экзамен,Политология##Зачет,ОКТ##Экзамен;Математика##Экзамен,МППиУ##Зачет,ИКГ##Зачет,Бел.яз. (культура речи)##Зачет,Логика##Зачет,Физика##Экзамен,Ин.яз 2##Экзамен,АОКТ##Зачет,ЯП#Курсовой проект#Экзамен,СиАОД##Экзамен;
ФКТ;Вечернее;ИТиУТС;Информационные технологии и управление в технических системах;;1-й курс;682461;Математика##Экзамен,ОАиП (ВМиП)##Экзамен,Экономика##Экзамен,История##Зачет,Философия##Экзамен,Ин.яз 2##Зачет,Политология##Зачет;ВОВ сов.народа##Зачет,Математика##Экзамен,ПИиПвИО##Зачет,Бел.яз. (культура речи)##Зачет,Физика##Экзамен,МОТС##Экзамен,Ин.яз 2##Экзамен;
ФКТ;Вечернее;ПОИТ;Программное обеспечение информационных технологий;;2-й курс;581061,581062,581063,581064,581065;ТВ и МС (поит)##Экзамен,ДМ##Экзамен,ТРПО##Зачет,ТИ##Экзамен,ООТПиСП##Экзамен,КСиС#Курсовой проект#Экзамен;СПП##Экзамен,ТК##Зачет,ОСиСП#Курсовой проект#Экзамен,ООТПиСП##Экзамен,БД (поит)#Курсовая работа#Экзамен,НПО##Экзамен;
ФКТ;Вечернее;ИПОИТ;Инженерно-психологическое обеспечение информационных технологий;;2-й курс;580961;ОС##Экзамен,ПППД##Экзамен,ДМ##Зачет,КП#Курсовой проект#Экзамен,ЭргС#Курсовая работа#Экзамен,ПВИ##Экзамен,ТВ и МС##Экзамен,ТЭЦ##Зачет;ОСБД#Курсовой проект#Экзамен,УИнфП##Экзамен,ПВИ##Экзамен,ИИС##Экзамен,МСТ##Зачет,Схемотехника##Экзамен;
ФКТ;Вечернее;ВМСиС;Вычислительные машины, системы и сети;;2-й курс;580561,580562;АПК##Экзамен,ДМ (эвм)##Экзамен,Физика##Экзамен,КПиЯП##Экзамен,ТВ и МС##Экзамен;СПО ВМ#Курсовая работа#Экзамен,ТОКС##Экзамен,КПП##Зачет,КПиЯП#Курсовой проект#Экзамен,Схемотехника##Экзамен,ОЗИ##Зачет;
ФКТ;Вечернее;ПОИТ;Программное обеспечение информационных технологий;;3-й курс;481061,481062,481063,481064;МиАПР##Зачет,ВТ (поит)##Экзамен,МО##Зачет,СПП#Курсовой проект#Экзамен,РПОМП##Экзамен,ОЗИ##Зачет,АКГ##Экзамен,ЦОС##Экзамен;ТВОП##Экзамен,САиММ##Экзамен,СТиАОС##Зачет,ПиРИС##Зачет,Техн. практика, рук-во##Экзамен,Отв. за техн. практику##,ОБиПвИТ##Экзамен,ПОЦП##Зачет,ПОВС##Экзамен;
ФКТ;Вечернее;ВМСиС;Вычислительные машины, системы и сети;;3-й курс;480561,480562;ТРиТПО##Экзамен,ИиПУ##Экзамен,Схемотехника#Курсовой проект#Экзамен,СиФО ЭВМ#Курсовая работа#Экзамен;АОКС#Курсовая работа#Зачет,ТРиТПО##Зачет,СА##Экзамен,Техн. практика, рук-во##Экзамен,Отв. за техн. практику##,ОБиПвИТ##Экзамен,ЦОСиИ##Экзамен,АВПП##Экзамен,АКСиС##Зачет;
ФКТ;Вечернее;ПОИТ;Программное обеспечение информационных технологий;;4-й курс;381061,381062,381063;ТВОП##Экзамен,САиММ##Экзамен,ОБиПвИК##Экзамен,ПОВС (ВМиП)##Экзамен,Осн. ЕRP-систем##Зачет,ПОЦП (ВМиП)##Зачет,ПиРИС##Зачет;Председатель ГЭК##,Секретарь ГЭК##,Выпуск кафедре##,Декану, зам.декана (ГЭК)##,Специалист внешний##,Конс. по нормоконтролю##,Рецензент ГЭК##,ГЭК##Экзамен,Руководство ДП##,Ответств. на каф за ПДП ##,Ответств. на каф за ДП##,Техн. практика, рук-во##Экзамен,Отв. за техн. практику##,Конс. по экономике##,Преддиплом. практика##Экзамен,Раб. комиссия##;
ФКТ;Вечернее;ВМСиС;Вычислительные машины, системы и сети;ПОИТ;4-й курс;380561;МГ##Зачет,АОКС##Зачет,КиД СВТ (поит)##Экзамен,ЗИвВС (эвм)##Зачет,МСиСвИК##Зачет,СиФО ЭВМ#Курсовой проект#,Моделирование##Экзамен,ОУИС##Зачет,АПВМиС##Экзамен,ТПЦУиС##Экзамен;Председатель ГЭК##,Секретарь ГЭК##,Выпуск кафедре##,Декану, зам.декана (ГЭК)##,Специалист внешний##,Конс. по нормоконтролю##,Рецензент ГЭК##,ГЭК##Экзамен,Руководство ДП##,Ответств. на каф за ПДП ##,Ответств. на каф за ДП##,Гос экз, консультации##,Гос экз, прием, проверка##Экзамен,Конс. по экономике##,Преддиплом. практика##Экзамен,Раб. комиссия##,Председатель ГАК##;
ФКТ;Вечернее;ВМСиС;Вычислительные машины, системы и сети;;4-й курс;380562,380563;МГ##Зачет,АОКС##Зачет,КиД СВТ (поит)##Экзамен,ЗИвВС (эвм)##Зачет,СиФО ЭВМ#Курсовой проект#,Моделирование##Экзамен,ОУИС##Зачет,АПВМиС##Экзамен,ТПЦУиС##Экзамен;Председатель ГЭК##,Секретарь ГЭК##,Выпуск кафедре##,Декану, зам.декана (ГЭК)##,Специалист внешний##,Конс. по нормоконтролю##,Рецензент ГЭК##,ГЭК##Экзамен,Руководство ДП##,Ответств. на каф за ПДП ##,Ответств. на каф за ДП##,Гос экз, консультации##,Гос экз, прием, проверка##Экзамен,Конс. по экономике##,Преддиплом. практика##Экзамен,Раб. комиссия##,Председатель ГАК##;
ФКТ;Вечернее;ИТиУТС;Информационные технологии и управление в технических системах;;4-й курс;382461,382462;ЛСА#Курсовой проект#,СТП##Экзамен,ОиАС##Экзамен,ТПиЗД##Экзамен,ПУПР##Экзамен,МвПСС##Экзамен;Председатель ГЭК##,Секретарь ГЭК##,Выпуск кафедре##,Декану, зам.декана (ГЭК)##,Специалист внешний##,Конс. по нормоконтролю##,Рецензент ГЭК##,ГЭК##Экзамен,Руководство ДП##,Ответств. на каф за ПДП ##,Ответств. на каф за ДП##,Гос экз, консультации##,Гос экз, прием, проверка##Экзамен,Конс. по экономике##,Преддиплом. практика##Экзамен,Раб. комиссия##,Председатель ГАК##;
ФКТ;Вечернее;ИПОИТ;Инженерно-психологическое обеспечение информационных технологий;;4-й курс;380961;ИвСИТ##Экзамен,ТиПИППиЭ#Курсовой проект#Экзамен,АиПОС##Экзамен,ПВЧсВР##Экзамен,КиСАПЭС##Зачет;Председатель ГЭК##,Секретарь ГЭК##,Выпуск кафедре##,Декану, зам.декана (ГЭК)##,Специалист внешний##,Конс. по нормоконтролю##,Рецензент ГЭК##,ГЭК##Экзамен,Руководство ДП##,Ответств. на каф за ПДП ##,Ответств. на каф за ДП##,Гос экз, консультации##,Гос экз, прием, проверка##Экзамен,Конс. по экономике##,Преддиплом. практика##Экзамен,Раб. комиссия##,Председатель ГАК##;
ФКТ;Заочное;ИПОИТ;Инженерно-психологическое обеспечение информационных технологий;;1-й курс;680971;Математика##Экзамен,ОКП (ипиэ)#Курсовая работа#Зачет,ОАиП (ВМиП)##Экзамен,Экономика##Экзамен,История##Зачет,ИКГ##Зачет,Ин.яз 1##Зачет,Бел.яз. (культура речи)##Зачет,Философия##Экзамен,Политология##Зачет;Математика##Экзамен,ОИАД##Экзамен,ПППД##Зачет,Ин.яз 1##Экзамен,Логика##Зачет,Физика##Экзамен,УИП##Зачет,КП#Курсовой проект#Экзамен;
ФКТ;Заочное;ПОИТ;Программное обеспечение информационных технологий;;1-й курс;681071,681072,681073,681074,681075;Математика##Экзамен,Экономика##Экзамен,История##Зачет,ИКГ##Зачет,Бел.яз. (культура речи)##Зачет,Философия##Экзамен,Ин.яз 2##Зачет,ОАиП (ПОИТ)#Курсовая работа#Экзамен,Политология##Зачет,ОКТ##Экзамен;Математика##Экзамен,МППиУ##Зачет,Логика##Зачет,Физика##Экзамен,Ин.яз 2##Экзамен,АОКТ##Зачет,ЯП#Курсовой проект#Экзамен,СиАОД##Экзамен;
ФКТ;Заочное;ПЭ;Промышленная электроника;;1-й курс;681971,681972;Математика##Экзамен,Экономика##Экзамен,История##Зачет,Бел.яз. (культура речи)##Зачет,Философия##Экзамен,Ин.яз 2##Зачет,Химия##Экзамен,Политология##Зачет;ВОВ сов.народа##Зачет,Математика##Экзамен,ПИиПвИО##Зачет,ОАиП (ВМиП)##Экзамен,Физика##Экзамен,Ин.яз 2##Экзамен,НГиИГ##Экзамен;
ФКТ;Заочное;ИСиТ;Информационные системы и технологии (по направлениям);;1-й курс;682371;ОАиП (ЭИ)##Экзамен,Математика##Экзамен,Экономика##Экзамен,История##Зачет,ИКГ##Зачет,Бел.яз. (культура речи)##Зачет,Философия##Экзамен,Ин.яз 2##Зачет,ОКП (эи)#Курсовая работа#Зачет,Политология##Зачет;Математика##Экзамен,ПСОД##Зачет,ТРПП##Зачет,Логика##Зачет,Физика##Экзамен,ООП (ЭИ)#Курсовой проект#Экзамен,Ин.яз 2##Экзамен,УИП##Зачет;
ФКТ;Заочное;ИТиУТС;Информационные технологии и управление в технических системах;;1-й курс;682471,682472;Математика##Экзамен,Экономика##Экзамен,История##Зачет,Бел.яз. (культура речи)##Зачет,Философия##Экзамен,Ин.яз 2##Зачет,Политология##Зачет;ВОВ сов.народа##Зачет,Математика##Экзамен,ПИиПвИО##Зачет,ОАиП (ВМиП)##Экзамен,Физика##Экзамен,МОТС##Экзамен,Ин.яз 2##Экзамен;
ФКТ;Заочное;ИТиУТС;Информационные технологии и управление в технических системах;Из ВГКС;1-й курс;682473;Математика##Экзамен,Экономика##Экзамен,История##Зачет,Бел.яз. (культура речи)##Зачет,Философия##Экзамен,Ин.яз 2##Зачет,Политология##Зачет;ВОВ сов.народа##Зачет,Математика##Экзамен,ПИиПвИО##Зачет,ОАиП (ВМиП)##Экзамен,Физика##Экзамен,МОТС##Экзамен,Ин.яз 2##Экзамен;
ФКТ;Заочное;ЭСБ;Электронные системы безопасности;;1-й курс;683371,683372;Математика##Экзамен,Экономика##Экзамен,История##Зачет,Ин.яз 1##Зачет,Бел.яз. (культура речи)##Зачет,Философия##Экзамен,Политология##Зачет;Математика##Экзамен,МППиУ##Зачет,ОАиП (ВМиП)##Экзамен,Ин.яз 1##Экзамен,Логика##Зачет,Физика##Экзамен,НГиИГ##Экзамен;
ФКТ;Заочное;ПМС;Программируемые мобильные системы;;1-й курс;683871;Математика##Экзамен,ОКТиПМЭС##Экзамен,Экономика##Экзамен,История##Зачет,Ин.яз 1##Зачет,Бел.яз. (культура речи)##Зачет,Философия##Экзамен,Политология##Зачет;Математика##Экзамен,МППиУ##Зачет,ОАиП (ВМиП)##Экзамен,Ин.яз 1##Экзамен,Логика##Зачет,Физика##Экзамен;
ФКТ;Заочное;ЭЭБ;Экономика электронного бизнеса;;1-й курс;683971;ОАиП (ЭИ)##Экзамен,Математика##Экзамен,Эк. теория (мен)##Экзамен,История##Зачет,ИКГ##Зачет,Бел.яз. (культура речи)##Зачет,Философия##Экзамен,Социология##Зачет,Ин.яз 2##Зачет,Политология##Зачет;Математика##Экзамен,ЭИО##Зачет,МЭ##Зачет,Логика##Зачет,Ин.яз 2##Экзамен,ЭС##Зачет,ПООЭБ (мен)#Курсовой проект#Зачет,ОООП##Экзамен;
ФКТ;Заочное;ИПОИТ;Инженерно-психологическое обеспечение информационных технологий;;2-й курс;580971;ИПФ##Экзамен,ПППД##Экзамен,ДМ##Экзамен,ЭргС#Курсовая работа#Экзамен,ПВИ##Экзамен,ТВ и МС##Экзамен,ОЗИ##Зачет,ТЭЦ##Зачет;ОСБД#Курсовой проект#Экзамен,УИП (ипиэ)##Экзамен,Схемотехника (ипиэ)##Экзамен,ПВИ##Экзамен,ИИС##Экзамен,МСТ##Зачет;
ФКТ;Заочное;ПОИТ;Программное обеспечение информационных технологий;;2-й курс;581071,581072,581073,581074;ТВ и МС (поит)##Экзамен,ДМ##Экзамен,ТРПО##Зачет,ТИ##Экзамен,ООТПиСП##Экзамен,ОЗИ##Зачет,КСиС#Курсовой проект#Экзамен;СПП##Экзамен,ТК##Зачет,ОСиСП#Курсовой проект#Экзамен,ООТПиСП##Экзамен,БД (поит)#Курсовая работа#Экзамен,НПО##Экзамен;
ФКТ;Заочное;ПЭ;Промышленная электроника;;2-й курс;581971,581972;Физика##Экзамен,ОАПЭЦ##Зачет,ФОЭТ##Экзамен,ТВ и МС##Экзамен,ОЗИ##Зачет,ЭП##Экзамен,ТЭЦ##Экзамен,ТОИИТ (мис)##Зачет;ОБиПвРЭ##Экзамен,САУ#Курсовая работа#Зачет,СЦУ##Экзамен,МТ (тоэ)##Зачет,МиМ##Экзамен,СУБД (итас)##Экзамен;
ФКТ;Заочное;ИСиТ;Информационные системы и технологии (по направлениям);;2-й курс;582371;ОДМиТА##Зачет,ООП (ЭИ)##Экзамен,ПСП#Курсовой проект#Экзамен,Микро-макроэкономика##Зачет,ВСРПП##Экзамен,Осн. менедж.##Зачет,ТВ и МС##Экзамен,ОЗИ##Зачет,КС##Экзамен;ЭММиМ##Экзамен,САПИС (РВП)#Курсовой проект#Экзамен,Эконометрика##Экзамен,БУ, АиА (с модулем ФП)##Зачет,Статистика##Зачет,Микро-макроэкономика##Экзамен,БД (эи)##Экзамен;
ФКТ;Заочное;ИТиУТС;Информационные технологии и управление в технических системах;;2-й курс;582471;Физика##Экзамен,МОТС#Курсовой проект#Экзамен,ТПИ##Зачет,ТВ и МС##Экзамен,ОЗИ##Зачет,ТЭЦ##Экзамен,Схемотехника в СУ##Экзамен;ОСАП (су)##Экзамен,ТАУ##Экзамен,ТРПОСУ##Экзамен,ОБиПвИТ##Экзамен,ЭиУ СУ##Зачет,Схемотехника в СУ#Курсовой проект#Экзамен;
ФКТ;Заочное;ИТиУТС;Информационные технологии и управление в технических системах;Из ВГКС;2-й курс;582472,582473;Физика##Экзамен,МОТС#Курсовой проект#Экзамен,ТПИ##Зачет,ТВ и МС##Экзамен,ОЗИ##Зачет,ТЭЦ##Экзамен,Схемотехника в СУ##Экзамен;ОСАП (су)##Экзамен,ТАУ##Экзамен,ТРПОСУ##Экзамен,ОБиПвИТ##Экзамен,ЭиУ СУ##Зачет,Схемотехника в СУ#Курсовой проект#Экзамен;
ФКТ;Заочное;ЭСБ;Электронные системы безопасности;;2-й курс;583371,583372;Физика##Экзамен,ФХОМиНЭ##Экзамен,ППВГ#Курсовая работа#Зачет,ТВ и МС##Экзамен,ОЗИ##Зачет,ЭП##Экзамен,Осн РФ##Экзамен;ОБиПвРЭ##Экзамен,ММвПИЭ##Экзамен,ЭиЭКУиС##Экзамен,ИУСБ (пикс)#Курсовой проект#Зачет,ЭУСБ##Экзамен,Осн.РЭ##Экзамен,ДЭСБ##Зачет;
ФКТ;Заочное;ПМС;Программируемые мобильные системы;;2-й курс;583871;Физика##Экзамен,ДМ##Экзамен,ММвП (пикс)##Экзамен,ОИКСиС##Зачет,ВвКСиС##Зачет,ТВ и МС##Экзамен,ОЗИ##Зачет,ЭП##Экзамен;ЭиЭКУиС##Экзамен,ВАвП##Экзамен,ОБиПвИТ##Экзамен,ОИКСиС#Курсовой проект#Экзамен,ТП##Зачет,ЯП (пикс)##Зачет,Осн.РЭ##Экзамен;
ФКТ;Заочное;ЭЭБ;Экономика электронного бизнеса;;2-й курс;583971;Маркетинг##Экзамен,ПСП##Экзамен,ЭЭБ#Курсовой проект#Экзамен,Финансы ##Экзамен,ТВ и МС##Экзамен,ОЗИ##Зачет;Менеджмент##Зачет,ПИС##Зачет,ДК ##Экзамен,ООПиЛвЭБ#Курсовой проект#Экзамен,УП##Экзамен,ИП##Зачет,БД (эи)##Экзамен;
ФКТ;Заочное;ИПОИТ;Инженерно-психологическое обеспечение информационных технологий;;3-й курс;480971;ОСБД#Курсовой проект#Экзамен,КрТ##Зачет,ЭВТ##Зачет,УИП (ипиэ)##Экзамен,ИИП##Экзамен,ОБиПвИТ##Экзамен,ИИС##Экзамен;КогнТ##Экзамен,УИП (ипиэ)#Курсовой проект#Экзамен,ИИП#Курсовая работа#Экзамен,ТВР##Экзамен,ЭМП##Экзамен,ТОПО##Зачет,Техн. практика, рук-во##Экзамен,Отв. за техн. практику##;
ФКТ;Заочное;ПОИТ;Программное обеспечение информационных технологий;;3-й курс;481071,481072,481073;МиАПР##Зачет,ВТ (поит)##Экзамен,МО##Зачет,СПП#Курсовой проект#Экзамен,СТиАОС##Зачет,ОБиПвИТ##Экзамен,АКГ##Экзамен,ЦОС##Экзамен;ТВОП##Экзамен,САиММ##Экзамен,РПОМП##Экзамен,ПиРИС##Зачет,Техн. практика, рук-во##Экзамен,Отв. за техн. практику##,ПОЦП##Зачет,ПОВС##Экзамен;
ФКТ;Заочное;ЭЭБ;Экономика электронного бизнеса;;3-й курс;483971;Бел.яз. (культура речи)##Зачет,Менеджмент##Экзамен,РСОИ##Экзамен,КТБ##Зачет,ЭБ##Экзамен,ЭиЭММиМ##Экзамен,ПИС##Экзамен,ДК ##Зачет;ММЭИ##Экзамен,РСОИ#Курсовой проект#Экзамен,ЭБ#Курсовая работа#Экзамен,ЭПраво##Экзамен,БУ##Экзамен,КИС##Зачет,ЭБП##Зачет,Техн. практика, рук-во##Экзамен,Отв. за техн. практику##,ИП##Зачет;
ФКТ;Заочное;ПЭ;Промышленная электроника;;3-й курс;481971;ТАУ##Экзамен,ПТехника (тоэ)##Зачет,РиПП##Зачет,СЦУ#Курсовая работа#Экзамен,МТ (тоэ)#Курсовой проект#Экзамен,ТПИ##Зачет,МЭУ##Экзамен,ВМиС##Зачет,УиЭАТ##Экзамен;ТЭДиРА##Экзамен,ПТехника (тоэ)#Курсовая работа#Экзамен,КРЭС##Зачет,РиПП##Экзамен,НИПЭ##Зачет,СОИвАТ##Экзамен,АОЭ##Зачет,ПЭУС (этт)##Экзамен,Техн. практика, рук-во##Экзамен,Отв. за техн. практику##,УиЭАТ##Зачет;
ФКТ;Заочное;ИТиУТС;Информационные технологии и управление в технических системах;;3-й курс;482471,482472;ТАУ#Курсовая работа#Экзамен,ТРПОСУ##Экзамен,УСПЭЭдляПЭвСУ##Зачет,МвСУ##Экзамен,ТМ##Зачет,ЭиУ СУ##Экзамен,КТПСАУ##Зачет;ЛСА##Экзамен,МвПСС##Экзамен,СТП##Экзамен,ТиОАПК##Зачет,Техн. практика, рук-во##Экзамен,Отв. за техн. практику##,ИиДОиСУ##Зачет,МвСУ##Экзамен,ИОСУ##Зачет,ТМ#Курсовой проект#Экзамен;
ФКТ;Заочное;ЭСБ;Электронные системы безопасности;;3-й курс;483371;КСвЭСБ##Экзамен,ИЭСБ##Экзамен,АвЭСБ##Экзамен,МиТСОБ##Зачет,ТТвЭСБ##Зачет,Осн.РЭ##Зачет,ТОП ЭСБ#Курсовой проект#Экзамен,ДЭСБ##Экзамен;НТС##Зачет,КСвЭСБ##Зачет,ИЭСБ#Курсовой проект#Экзамен,ПиППКУЭСБ##Зачет,ПЭСБ (с модулем)#Курсовая работа#Экзамен,МиТСОБ##Экзамен,КиПАЧСБ##Экзамен,ОБФЭСБ##Зачет,ЭиЭЭСБ##Зачет,Техн. практика, рук-во##Экзамен,Отв. за техн. практику##;
ФКТ;Заочное;ПМС;Программируемые мобильные системы;;3-й курс;483871;СиБД#Курсовой проект#Экзамен,ВМС##Зачет,МВС##Экзамен,УиОКС##Экзамен,РПдля ОС##Зачет,РП на языке Java##Экзамен,ППВГ#Курсовая работа#Зачет,ТП##Экзамен,Осн.РЭ##Зачет;МВС#Курсовой проект#Экзамен,ПМдляМЭС##Экзамен,БвКС##Экзамен,ПОМС#Курсовая работа#Экзамен,РП на языке Java##Зачет,ДПиАОМС##Экзамен,РW-П для МС##Зачет,Техн. практика, рук-во##Экзамен,Отв. за техн. практику##;
ФКТ;Заочное;ИТиУТС;Информационные технологии и управление в технических системах;Из ВГКС;3-й курс;482473;ТАУ#Курсовая работа#Экзамен,ТРПОСУ##Экзамен,УСПЭЭдляПЭвСУ##Зачет,МвСУ##Экзамен,ТМ##Зачет,ЭиУ СУ##Экзамен,КТПСАУ##Зачет;ЛСА##Экзамен,МвПСС##Экзамен,СТП##Экзамен,ТиОАПК##Зачет,Техн. практика, рук-во##Экзамен,Отв. за техн. практику##,ИиДОиСУ##Зачет,МвСУ##Экзамен,ИОСУ##Зачет,ТМ#Курсовой проект#Экзамен;
ФКТ;Заочное;ЭиОП;Экономика и организация производства (по направлениям);;4-й курс;381671;ИГ##Зачет,ЭС##Зачет,Планирование на предпр.#Курсовая работа#Экзамен,Логистика##Экзамен,Осн.экол. и энергосбереж##Зачет,Ценообразование##Зачет,УП##Экзамен,ИП##Экзамен,УКиС##Зачет,ОиНТ##Экзамен;##,Председатель ГЭК##,Секретарь ГЭК##,Выпуск кафедре##,Декану, зам.декана (ГЭК)##,Специалист внешний##,Конс. по нормоконтролю##,Рецензент ГЭК##,Конс. КТЧ##,ГЭК##Экзамен,Руководство ДП##,Ответств. на каф за ПДП ##,Ответств. на каф за ДП##,Гос экз, консультации##,Гос экз, прием, проверка##Экзамен,2-я орг-экон пр. (ЭиОП)##Экзамен,Преддиплом. практика##Экзамен,Раб. комиссия##,Председатель ГАК##;
ФКТ;Заочное;ПЭ;Промышленная электроника;;4-й курс;381971,381972;ТЭДиРА#Курсовой проект#Экзамен,ОИБСА (стк)##Экзамен,НСАвтотехники##Зачет,ОЗИиУИС##Зачет,УиЭАТ##Экзамен,СУБД (итас)##Экзамен,ПЭУС (тоэ)##Экзамен;Председатель ГЭК##,Секретарь ГЭК##,Выпуск кафедре##,Декану, зам.декана (ГЭК)##,Специалист внешний##,Конс. по нормоконтролю##,Рецензент ГЭК##,ГЭК##Экзамен,Руководство ДП##,Ответств. на каф за ПДП ##,Ответств. на каф за ДП##,Гос экз, консультации##,Гос экз, прием, проверка##Экзамен,Конс. по экономике##,Преддиплом. практика##Экзамен,Раб. комиссия##,Председатель ГАК##;
ФКТ;Заочное;ТОБ;Техническое обеспечение безопасности;;4-й курс;382571,382572;КиОСТСсВСОУиО##Экзамен,КПСБ#Курсовой проект#Экзамен,ПТСиПЦУвСБ#Курсовой проект#Экзамен,НТСиСОБ##Экзамен,ТССОБ##Экзамен,Осн.экол. и энергосбереж##Зачет;Председатель ГЭК##,Секретарь ГЭК##,Выпуск кафедре##,Декану, зам.декана (ГЭК)##,Специалист внешний##,Конс. по нормоконтролю##,Рецензент ГЭК##,ГЭК##Экзамен,Руководство ДП##,Ответств. на каф за ПДП ##,Ответств. на каф за ДП##,Гос экз, консультации##,Гос экз, прием, проверка##Экзамен,Конс. по экономике##,Преддиплом. практика##Экзамен,Раб. комиссия##,Председатель ГАК##;
ФКТ;Заочное;ЭСБ;Электронные системы безопасности;;4-й курс;383371,383372;НТС##Экзамен,ПЭСБ#Курсовой проект#Экзамен,ИМиНЭСБ##Экзамен,КСвЭСБ##Зачет,Осн.экол. и энергосбереж##Зачет,ПЦУСБ (эвс)#Курсовой проект#Экзамен;Председатель ГЭК##,Секретарь ГЭК##,Выпуск кафедре##,Декану, зам.декана (ГЭК)##,Специалист внешний##,Конс. по нормоконтролю##,Рецензент ГЭК##,ГЭК##Экзамен,Руководство ДП##,Ответств. на каф за ПДП ##,Ответств. на каф за ДП##,Гос экз, консультации##,Гос экз, прием, проверка##Экзамен,Конс. по экономике##,Преддиплом. практика##Экзамен,Раб. комиссия##,Председатель ГАК##;
ФКТ;Заочное;ПОИТ;Программное обеспечение информационных технологий;;4-й курс;381071,381072,381073;САиММ##Экзамен,ПОВС (ВМиП)##Экзамен,Осн. ЕRP-систем##Зачет,ПОЦП (ВМиП)##Зачет,ПиРИС##Зачет,АКГ##Экзамен,ЦОС##Экзамен;Председатель ГЭК##,Секретарь ГЭК##,Выпуск кафедре##,Декану, зам.декана (ГЭК)##,Специалист внешний##,Конс. по нормоконтролю##,Рецензент ГЭК##,ГЭК##Экзамен,Руководство ДП##,Ответств. на каф за ПДП ##,Ответств. на каф за ДП##,Конс. по экономике##,Преддиплом. практика##Экзамен,Раб. комиссия##;
ФКТ;Заочное;ИСиТ;Информационные системы и технологии (по направлениям);;4-й курс;382371,382372;РИС##Экзамен,Маркетинг##Зачет,ВДиШП##Экзамен,ИОвЭ##Экзамен,Планирование на предпр.##Зачет,ИИСЭ##Зачет,МРЦБ##Экзамен;Председатель ГЭК##,Секретарь ГЭК##,Выпуск кафедре##,Декану, зам.декана (ГЭК)##,Специалист внешний##,Конс. по нормоконтролю##,Рецензент ГЭК##,ГЭК##Экзамен,Руководство ДП##,Ответств. на каф за ПДП ##,Ответств. на каф за ДП##,Конс. по экономике##,Преддиплом. практика##Экзамен,Раб. комиссия##;
ФКТ;Заочное;ИКТ;Инфокоммуникационные технологии (по направлениям);;4-й курс;382971;ЭАиЗВ##Экзамен,ЦТ##Экзамен,ЦСРиР##Экзамен,МСИК##Зачет,ПСЦВ#Курсовая работа#Зачет,ОСП##Экзамен,СПРиРО##Экзамен;Председатель ГЭК##,Секретарь ГЭК##,Выпуск кафедре##,Декану, зам.декана (ГЭК)##,Специалист внешний##,Конс. по нормоконтролю##,Рецензент ГЭК##,ГЭК##Экзамен,Руководство ДП##,Ответств. на каф за ПДП ##,Ответств. на каф за ДП##,Конс. по экономике##,Преддиплом. практика##Экзамен,Раб. комиссия##;
ФКТ;Заочное;ИТиУТС;Информационные технологии и управление в технических системах;;4-й курс;382471,382472;ЛСА#Курсовой проект#Экзамен,ОСАП (су)##Зачет,СТП##Экзамен,ИиДОиСУ##Зачет,ОЗИиУИС##Зачет,ТПиЗД##Экзамен,Осн.экол. и энергосбереж##Зачет,МвПСС##Экзамен,ОиАС##Экзамен;Председатель ГЭК##,Секретарь ГЭК##,Выпуск кафедре##,Декану, зам.декана (ГЭК)##,Специалист внешний##,Конс. по нормоконтролю##,Рецензент ГЭК##,ГЭК##Экзамен,Руководство ДП##,Ответств. на каф за ПДП ##,Ответств. на каф за ДП##,Гос экз, консультации##,Гос экз, прием, проверка##Экзамен,Конс. по экономике##,Преддиплом. практика##Экзамен,Раб. комиссия##,Председатель ГАК##;
ФКТ;Заочное;ИТиУТС;Информационные технологии и управление в технических системах;Из ВГКС;4-й курс;382474,382475,382476;ЛСА#Курсовой проект#Экзамен,ОСАП (су)##Зачет,СТП##Экзамен,ИиДОиСУ##Зачет,ОЗИиУИС##Зачет,ТПиЗД##Экзамен,Осн.экол. и энергосбереж##Зачет,МвПСС##Экзамен,ОиАС##Экзамен;Председатель ГЭК##,Секретарь ГЭК##,Выпуск кафедре##,Декану, зам.декана (ГЭК)##,Специалист внешний##,Конс. по нормоконтролю##,Рецензент ГЭК##,ГЭК##Экзамен,Руководство ДП##,Ответств. на каф за ПДП ##,Ответств. на каф за ДП##,Гос экз, консультации##,Гос экз, прием, проверка##Экзамен,Конс. по экономике##,Преддиплом. практика##Экзамен,Раб. комиссия##,Председатель ГАК##;
ФКТ;Заочное;ИТиУТС;Информационные технологии и управление в технических системах;ПОИТ;4-й курс;382477;ЛСА#Курсовой проект#Экзамен,ОСАП (су)##Зачет,СТП##Экзамен,ИиДОиСУ##Зачет,ОЗИиУИС##Зачет,ТПиЗД##Экзамен,Осн.экол. и энергосбереж##Зачет,МвПСС##Экзамен,ОиАС##Экзамен;Председатель ГЭК##,Секретарь ГЭК##,Выпуск кафедре##,Декану, зам.декана (ГЭК)##,Специалист внешний##,Конс. по нормоконтролю##,Рецензент ГЭК##,ГЭК##Экзамен,Руководство ДП##,Ответств. на каф за ПДП ##,Ответств. на каф за ДП##,Гос экз, консультации##,Гос экз, прием, проверка##Экзамен,Конс. по экономике##,Преддиплом. практика##Экзамен,Раб. комиссия##,Председатель ГАК##;
ФКТ;Заочное;ИПОИТ;Инженерно-психологическое обеспечение информационных технологий;;4-й курс;380971,380972;ИвСИТ##Экзамен,ТиПИППиЭ#Курсовой проект#Экзамен,АиПОС##Экзамен,ПВЧсВР##Экзамен,ОЗИиУИС##Зачет,КиСАПЭС##Зачет;Председатель ГЭК##,Секретарь ГЭК##,Выпуск кафедре##,Декану, зам.декана (ГЭК)##,Специалист внешний##,Конс. по нормоконтролю##,Рецензент ГЭК##,ГЭК##Экзамен,Руководство ДП##,Ответств. на каф за ПДП ##,Ответств. на каф за ДП##,Гос экз, консультации##,Гос экз, прием, проверка##Экзамен,Конс. по экономике##,Преддиплом. практика##Экзамен,Раб. комиссия##,Председатель ГАК##;
